record_id,record_revision,record_date,record_title,record_amount_pence,record_status,line_id,line_position,line_name,line_quantity,line_allocation_pence,line_detail,copy_count,copy_allocation_pence_sum
record-923cfdff-eda5-46b4-af3d-614a39481363,2,2026-08-04,300 card bulk,5608,active,line-36c3982b-6de4-4afc-bfd3-8b3fd7ca4d38,1,Alpha The Magnet Warrior,1,20,YGLD-ENB11 · 1st Edition · from Bulk lot · 130 card types,1,20
record-923cfdff-eda5-46b4-af3d-614a39481363,2,2026-08-04,300 card bulk,5608,active,line-3c173f21-b580-4a8a-8890-5949a466c1e1,2,Beta The Magnet Warrior,1,20,YGLD-ENB12 · 1st Edition · from Bulk lot · 130 card types,1,20
record-923cfdff-eda5-46b4-af3d-614a39481363,2,2026-08-04,300 card bulk,5608,active,line-527d9231-f14e-4852-8280-095d82954030,3,"Enishi, Shien's Chancellor",1,20,SDWA-EN011 · 1st Edition · from Bulk lot · 130 card types,1,20
record-923cfdff-eda5-46b4-af3d-614a39481363,2,2026-08-04,300 card bulk,5608,active,line-b74cb212-6201-4f41-b515-ce4b50912678,4,Shien's Daredevil,1,20,SDWA-EN020 · 1st Edition · from Bulk lot · 130 card types,1,20
record-923cfdff-eda5-46b4-af3d-614a39481363,2,2026-08-04,300 card bulk,5608,active,line-b4a50502-536a-4351-8faf-3d00a03d9388,5,Hand of the Six Samurai,1,20,SDWA-EN015 · 1st Edition · from Bulk lot · 130 card types,1,20
record-923cfdff-eda5-46b4-af3d-614a39481363,2,2026-08-04,300 card bulk,5608,active,line-2941430b-03bd-4ea2-88bb-ce773f9eff49,6,Spirit of the Six Samurai,1,20,SDWA-EN012 · 1st Edition · from Bulk lot · 130 card types,1,20
record-923cfdff-eda5-46b4-af3d-614a39481363,2,2026-08-04,300 card bulk,5608,active,line-eb6c8082-02b3-47d6-9fc8-5c17185dcba2,7,Shien's Squire,2,40,SDWA-EN019 · 1st Edition · from Bulk lot · 130 card types,2,40
record-923cfdff-eda5-46b4-af3d-614a39481363,2,2026-08-04,300 card bulk,5608,active,line-70fabdf5-b185-466a-be0f-338aeb00a6f8,8,Dark Hole,1,20,SDWA-EN023 · 1st Edition · from Bulk lot · 130 card types,1,20
record-923cfdff-eda5-46b4-af3d-614a39481363,2,2026-08-04,300 card bulk,5608,active,line-42b7affd-4940-437d-bc39-b1d9e725813e,9,The Warrior Returning Alive,1,20,SDWA-EN026 · 1st Edition · from Bulk lot · 130 card types,1,20
record-923cfdff-eda5-46b4-af3d-614a39481363,2,2026-08-04,300 card bulk,5608,active,line-9898dd40-28e3-426d-af87-80dfca157d8d,10,Mystic Box,1,20,YGLD-ENA25 · 1st Edition · from Bulk lot · 130 card types,1,20
record-923cfdff-eda5-46b4-af3d-614a39481363,2,2026-08-04,300 card bulk,5608,active,line-5b5aa180-4988-4bc3-bdec-ff1e313ca757,11,Brain Control,1,20,YGLD-ENA26 · 1st Edition · from Bulk lot · 130 card types,1,20
record-923cfdff-eda5-46b4-af3d-614a39481363,2,2026-08-04,300 card bulk,5608,active,line-289a268b-d98a-4ee1-9ceb-008bdc6a102e,12,Monster Recovery,1,20,YGLD-ENA27 · 1st Edition · from Bulk lot · 130 card types,1,20
record-923cfdff-eda5-46b4-af3d-614a39481363,2,2026-08-04,300 card bulk,5608,active,line-6b23fe87-3911-404d-80b9-5f775da89557,13,Horn of the Unicorn,1,20,YGLD-ENA29 · 1st Edition · from Bulk lot · 130 card types,1,20
record-923cfdff-eda5-46b4-af3d-614a39481363,2,2026-08-04,300 card bulk,5608,active,line-a1f89c2a-20dc-4ca4-9c13-6f61bc7cdde2,14,Mystical Moon,2,40,YGLD-ENA30 · 1st Edition · from Bulk lot · 130 card types,2,40
record-923cfdff-eda5-46b4-af3d-614a39481363,2,2026-08-04,300 card bulk,5608,active,line-e6e2e19f-a3e4-4e8a-9c5f-865f756f7b41,15,Burning Land,1,20,YGLD-ENA31 · 1st Edition · from Bulk lot · 130 card types,1,20
record-923cfdff-eda5-46b4-af3d-614a39481363,2,2026-08-04,300 card bulk,5608,active,line-a30979d6-e5cf-4465-aa54-6d700580f63b,16,Detonate,1,20,YGLD-ENA33 · 1st Edition · from Bulk lot · 130 card types,1,20
record-923cfdff-eda5-46b4-af3d-614a39481363,2,2026-08-04,300 card bulk,5608,active,line-b030fd45-223d-4de7-a7b6-e642e6b47200,17,"Makiu, the Magical Mist",1,20,YGLD-ENA34 · 1st Edition · from Bulk lot · 130 card types,1,20
record-923cfdff-eda5-46b4-af3d-614a39481363,2,2026-08-04,300 card bulk,5608,active,line-37e59ef6-2c93-4256-afbf-8d6c7a26c5b2,18,Black Luster Ritual,1,20,YGLD-ENA36 · 1st Edition · from Bulk lot · 130 card types,1,20
record-923cfdff-eda5-46b4-af3d-614a39481363,2,2026-08-04,300 card bulk,5608,active,line-25a6918e-7c50-44bb-8fe1-c0818ea3b63f,19,Diffusion Wave-Motion,1,20,YGLD-ENB22 · 1st Edition · from Bulk lot · 130 card types,1,20
record-923cfdff-eda5-46b4-af3d-614a39481363,2,2026-08-04,300 card bulk,5608,active,line-7fe6528f-8f08-4c8b-acd2-8d204bfcef58,20,Double Spell,1,20,YGLD-ENB23 · 1st Edition · from Bulk lot · 130 card types,1,20
record-923cfdff-eda5-46b4-af3d-614a39481363,2,2026-08-04,300 card bulk,5608,active,line-4d2dadd2-4f5a-4e98-9db1-eda272428633,21,Ectoplasmer,1,20,YGLD-ENB24 · 1st Edition · from Bulk lot · 130 card types,1,20
record-923cfdff-eda5-46b4-af3d-614a39481363,2,2026-08-04,300 card bulk,5608,active,line-9f946892-7c4c-4b72-a708-9573d062aafd,22,Dark Magic Curtain,1,20,YGLD-ENB18 · 1st Edition · from Bulk lot · 130 card types,1,20
record-923cfdff-eda5-46b4-af3d-614a39481363,2,2026-08-04,300 card bulk,5608,active,line-eec57dfb-a171-4db7-9187-b780258fb4b4,23,Magical Dimension,1,20,YGLD-ENB21 · 1st Edition · from Bulk lot · 130 card types,1,20
record-923cfdff-eda5-46b4-af3d-614a39481363,2,2026-08-04,300 card bulk,5608,active,line-d4551fb0-6683-4887-87ed-8b078e1b9e8c,24,Gamma the Magnet Warrior,1,20,YGLD-ENB13 · 1st Edition · from Bulk lot · 130 card types,1,20
record-923cfdff-eda5-46b4-af3d-614a39481363,2,2026-08-04,300 card bulk,5608,active,line-8b4af53c-f0bb-4386-92ff-1b2b2e02383b,25,Magicians Unite,1,20,YGLD-ENC30 · 1st Edition · from Bulk lot · 130 card types,1,20
record-923cfdff-eda5-46b4-af3d-614a39481363,2,2026-08-04,300 card bulk,5608,active,line-2fd5724b-a254-48d1-83e4-e55f3fc9d44b,26,Thousand Knives,1,20,YGLD-ENB19 · 1st Edition · from Bulk lot · 130 card types,1,20
record-923cfdff-eda5-46b4-af3d-614a39481363,2,2026-08-04,300 card bulk,5608,active,line-24ec2680-6021-4351-8bc7-68bcf9755ea8,27,Dark Magic Attack,1,20,YGLD-ENC29 · 1st Edition · from Bulk lot · 130 card types,1,20
record-923cfdff-eda5-46b4-af3d-614a39481363,2,2026-08-04,300 card bulk,5608,active,line-283a7141-f5e6-45ee-9162-62534df2f826,28,Emblem of Dragon Destroyer,1,20,YGLD-ENC34 · 1st Edition · from Bulk lot · 130 card types,1,20
record-923cfdff-eda5-46b4-af3d-614a39481363,2,2026-08-04,300 card bulk,5608,active,line-462e5307-cb52-4f8b-83c4-6c25a391e05d,29,Magic Formula,1,20,YGLD-ENB20 · 1st Edition · from Bulk lot · 130 card types,1,20
record-923cfdff-eda5-46b4-af3d-614a39481363,2,2026-08-04,300 card bulk,5608,active,line-16b9d9d7-e49d-40aa-8eb7-94997576d2c6,30,Dedication through Light and Darkness,1,20,YGLD-ENC31 · 1st Edition · from Bulk lot · 130 card types,1,20
record-923cfdff-eda5-46b4-af3d-614a39481363,2,2026-08-04,300 card bulk,5608,active,line-e18f387c-ecdc-4b86-a114-27a111ee4c0f,31,Spell Shattering Arrow,1,20,YGLD-ENA28 · 1st Edition · from Bulk lot · 130 card types,1,20
record-923cfdff-eda5-46b4-af3d-614a39481363,2,2026-08-04,300 card bulk,5608,active,line-022e6c59-6853-4491-ae98-8a5752668e39,32,Pot of Greed,1,20,YGLD-ENB26 · 1st Edition · from Bulk lot · 130 card types,1,20
record-923cfdff-eda5-46b4-af3d-614a39481363,2,2026-08-04,300 card bulk,5608,active,line-c08195bb-52ee-44e3-85bd-355029b030a2,33,Multiply,1,20,YGLD-ENB32 · 1st Edition · from Bulk lot · 130 card types,1,20
record-923cfdff-eda5-46b4-af3d-614a39481363,2,2026-08-04,300 card bulk,5608,active,line-272f92cd-e30b-4c4a-9655-a524ef3269b7,34,Multiply,1,20,YGLD-ENA32 · 1st Edition · from Bulk lot · 130 card types,1,20
record-923cfdff-eda5-46b4-af3d-614a39481363,2,2026-08-04,300 card bulk,5608,active,line-508e50e6-8efd-4256-b1a4-49bd64c340f2,35,Swords of Revealing Light,1,20,YGLD-ENA24 · 1st Edition · from Bulk lot · 130 card types,1,20
record-923cfdff-eda5-46b4-af3d-614a39481363,2,2026-08-04,300 card bulk,5608,active,line-92ce30ba-0d11-4705-b001-7213f5018832,36,Swords of Revealing Light,1,20,YGLD-ENC25 · 1st Edition · from Bulk lot · 130 card types,1,20
record-923cfdff-eda5-46b4-af3d-614a39481363,2,2026-08-04,300 card bulk,5608,active,line-08858449-2245-47e8-b0e8-4f1a38ee15b7,37,Dark Magician,1,20,YGLD-ENA03 · 1st Edition · from Bulk lot · 130 card types,1,20
record-923cfdff-eda5-46b4-af3d-614a39481363,2,2026-08-04,300 card bulk,5608,active,line-49e66fe6-4644-4d43-9d42-9cd7e9be69a0,38,Gaia the Dragon Champion,1,20,YGLD-ENA41 · 1st Edition · from Bulk lot · 130 card types,1,20
record-923cfdff-eda5-46b4-af3d-614a39481363,2,2026-08-04,300 card bulk,5608,active,line-58c8a581-a337-415c-8d85-9863f4635cbb,39,Chimera the Flying Mythical Beast,1,20,YGLD-ENB41 · 1st Edition · from Bulk lot · 130 card types,1,20
record-923cfdff-eda5-46b4-af3d-614a39481363,2,2026-08-04,300 card bulk,5608,active,line-672b59de-4ae4-4c21-99aa-24eb5ad9dc42,40,Monster Reborn,1,20,YGLD-ENB16 · 1st Edition · from Bulk lot · 130 card types,1,20
record-923cfdff-eda5-46b4-af3d-614a39481363,2,2026-08-04,300 card bulk,5608,active,line-72d18c69-b88b-45bb-a8b6-f4c1da4e2c97,41,Polymerization,1,20,YGLD-ENB30 · 1st Edition · from Bulk lot · 130 card types,1,20
record-923cfdff-eda5-46b4-af3d-614a39481363,2,2026-08-04,300 card bulk,5608,active,line-5d5fe108-ce77-49b2-b2d3-faef792328ed,42,Polymerization,1,20,YGLD-ENA35 · 1st Edition · from Bulk lot · 130 card types,1,20
record-923cfdff-eda5-46b4-af3d-614a39481363,2,2026-08-04,300 card bulk,5608,active,line-4a5e6f64-f802-40a1-88b8-d360ac515c08,43,Polymerization,1,20,YGLD-ENC28 · 1st Edition · from Bulk lot · 130 card types,1,20
record-923cfdff-eda5-46b4-af3d-614a39481363,2,2026-08-04,300 card bulk,5608,active,line-7bb003d8-3051-4472-b3c8-6bced29bfcde,44,Gemini Elf,1,20,YSDJ-EN002 · 1st Edition · from Bulk lot · 130 card types,1,20
record-923cfdff-eda5-46b4-af3d-614a39481363,2,2026-08-04,300 card bulk,5608,active,line-c2511e7c-f649-4874-b0ee-6077f88a84d5,45,Dust Tornado,1,20,SDRL-EN033 · 1st Edition · from Bulk lot · 130 card types,1,20
record-923cfdff-eda5-46b4-af3d-614a39481363,2,2026-08-04,300 card bulk,5608,active,line-d60c073a-53e4-478c-8de4-524f2124948c,46,Megamorph,1,20,SD09-EN024 · 1st Edition · from Bulk lot · 130 card types,1,20
record-923cfdff-eda5-46b4-af3d-614a39481363,2,2026-08-04,300 card bulk,5608,active,line-92d4d190-e471-4abf-9e65-0983abc0228c,47,Magic Jammer,1,20,YSDJ-EN035 · 1st Edition · from Bulk lot · 130 card types,1,20
record-923cfdff-eda5-46b4-af3d-614a39481363,2,2026-08-04,300 card bulk,5608,active,line-c0f11d1f-e64d-4dd8-9c38-20a5373ac672,48,Cybernetic Revolution,1,20,CRV-EN021 · 1st Edition · from Bulk lot · 130 card types,1,20
record-923cfdff-eda5-46b4-af3d-614a39481363,2,2026-08-04,300 card bulk,5608,active,line-180ea1cf-569c-4517-abde-5f614e355c1e,49,Reload,1,20,SD4-EN022 · 1st Edition · from Bulk lot · 130 card types,1,20
record-923cfdff-eda5-46b4-af3d-614a39481363,2,2026-08-04,300 card bulk,5608,active,line-e443e579-2d74-459c-8892-5cecd5ec85c4,50,Herald of Creation,1,20,SDRL-EN003 · 1st Edition · from Bulk lot · 130 card types,1,20
record-923cfdff-eda5-46b4-af3d-614a39481363,2,2026-08-04,300 card bulk,5608,active,line-e49f5909-ffcf-47a5-a6d5-eec8deb70290,51,The Six Samurai - Irou,1,20,SDWA-EN008 · 1st Edition · from Bulk lot · 130 card types,1,20
record-923cfdff-eda5-46b4-af3d-614a39481363,2,2026-08-04,300 card bulk,5608,active,line-6d32690e-958e-4320-b0ea-953f786ffa8f,52,Fiendish Chain,2,40,SDWA-EN036 · 1st Edition · from Bulk lot · 130 card types,2,40
record-923cfdff-eda5-46b4-af3d-614a39481363,2,2026-08-04,300 card bulk,5608,active,line-1888606a-e9a0-4f8d-8a16-464d41a1d2d0,53,Monster Reborn,1,20,YGLD-ENA23 · 1st Edition · from Bulk lot · 130 card types,1,20
record-923cfdff-eda5-46b4-af3d-614a39481363,2,2026-08-04,300 card bulk,5608,active,line-1a33db90-3700-495d-9089-cb91415b2b8e,54,Monster Reborn,1,20,YGLD-ENC24 · 1st Edition · from Bulk lot · 130 card types,1,20
record-923cfdff-eda5-46b4-af3d-614a39481363,2,2026-08-04,300 card bulk,5608,active,line-f6d119b2-6acb-4624-b464-93d1587b7b89,55,The Eye of Truth,1,20,YGLD-ENA39 · 1st Edition · from Bulk lot · 130 card types,1,20
record-923cfdff-eda5-46b4-af3d-614a39481363,2,2026-08-04,300 card bulk,5608,active,line-a26db550-96a8-4200-9d53-479718c3c6b6,56,Lightforce Sword,1,20,YGLD-ENB37 · 1st Edition · from Bulk lot · 130 card types,1,20
record-923cfdff-eda5-46b4-af3d-614a39481363,2,2026-08-04,300 card bulk,5608,active,line-3008e56b-c578-4f70-afdf-7cad0d416b7d,57,Chain Destruction,1,20,YGLD-ENB38 · 1st Edition · from Bulk lot · 130 card types,1,20
record-923cfdff-eda5-46b4-af3d-614a39481363,2,2026-08-04,300 card bulk,5608,active,line-abe5389c-5955-457d-8bb5-eab85e2537d4,58,Soul Rope,1,20,YGLD-ENB39 · 1st Edition · from Bulk lot · 130 card types,1,20
record-923cfdff-eda5-46b4-af3d-614a39481363,2,2026-08-04,300 card bulk,5608,active,line-708dce3a-f785-4a77-ad94-dc739d739ef2,59,Stronghold the Moving Fortress,1,20,YGLD-ENC39 · 1st Edition · from Bulk lot · 130 card types,1,20
record-923cfdff-eda5-46b4-af3d-614a39481363,2,2026-08-04,300 card bulk,5608,active,line-1f1048c9-ee2e-4e41-8111-1db058d73439,60,Shift,1,20,YGLD-ENA40 · 1st Edition · from Bulk lot · 130 card types,1,20
record-923cfdff-eda5-46b4-af3d-614a39481363,2,2026-08-04,300 card bulk,5608,active,line-37a5c73e-b4b7-4e02-b710-b007c47c0d72,61,Shattered Axe,1,20,YGLD-ENC38 · 1st Edition · from Bulk lot · 130 card types,1,20
record-923cfdff-eda5-46b4-af3d-614a39481363,2,2026-08-04,300 card bulk,5608,active,line-487e8646-4be4-48f2-871e-36867a0edc35,62,Tragedy,1,20,YGLD-ENB40 · 1st Edition · from Bulk lot · 130 card types,1,20
record-923cfdff-eda5-46b4-af3d-614a39481363,2,2026-08-04,300 card bulk,5608,active,line-56d8f9cf-9edb-4964-b0cc-4a7ba582b111,63,Miracle Restoring,1,20,YGLD-ENC40 · 1st Edition · from Bulk lot · 130 card types,1,20
record-923cfdff-eda5-46b4-af3d-614a39481363,2,2026-08-04,300 card bulk,5608,active,line-3dec2746-95d3-48a5-a981-c208e053343d,64,Spellbinding Circle,1,20,YGLD-ENB36 · 1st Edition · from Bulk lot · 130 card types,1,20
record-923cfdff-eda5-46b4-af3d-614a39481363,2,2026-08-04,300 card bulk,5608,active,line-8bcd5c6d-2b93-4c9f-8fd2-a2d89a6360a4,65,Magician's Circle,1,20,YGLD-ENC37 · 1st Edition · from Bulk lot · 130 card types,1,20
record-923cfdff-eda5-46b4-af3d-614a39481363,2,2026-08-04,300 card bulk,5608,active,line-a5ed6586-8e60-4b35-b574-42d0e0f1f3b9,66,Magic Cylinder,1,20,YGLD-ENB35 · 1st Edition · from Bulk lot · 130 card types,1,20
record-923cfdff-eda5-46b4-af3d-614a39481363,2,2026-08-04,300 card bulk,5608,active,line-fa0e3f49-46a4-4805-8858-10ad51c2a610,67,Mirror Force,2,40,YGLD-ENA37 · 1st Edition · from Bulk lot · 130 card types,2,40
record-923cfdff-eda5-46b4-af3d-614a39481363,2,2026-08-04,300 card bulk,5608,active,line-28cd9006-03fe-4ca7-b0b5-4aca858e57c4,68,Magical Hats,2,40,YGLD-ENB34 · 1st Edition · from Bulk lot · 130 card types,2,40
record-923cfdff-eda5-46b4-af3d-614a39481363,2,2026-08-04,300 card bulk,5608,active,line-a6e00850-4f9d-4150-bef3-6389af3c16f3,69,Skilled White Magician,2,40,YGLD-ENC20 · 1st Edition · from Bulk lot · 130 card types,2,40
record-923cfdff-eda5-46b4-af3d-614a39481363,2,2026-08-04,300 card bulk,5608,active,line-b1edcd38-3616-4b25-b305-a10e2bec5009,70,Skilled Dark Magician,3,60,YGLD-ENC19 · 1st Edition · from Bulk lot · 130 card types,3,60
record-923cfdff-eda5-46b4-af3d-614a39481363,2,2026-08-04,300 card bulk,5608,active,line-77b8ce4a-ab19-4500-be9a-4a7d3054a869,71,Feral Imp,1,20,YGLD-ENA11 · 1st Edition · from Bulk lot · 130 card types,1,20
record-923cfdff-eda5-46b4-af3d-614a39481363,2,2026-08-04,300 card bulk,5608,active,line-71b36507-d93b-4dcf-aceb-03ae1445b27f,72,Beaver Warrior,1,19,YGLD-ENA12 · 1st Edition · from Bulk lot · 130 card types,1,19
record-923cfdff-eda5-46b4-af3d-614a39481363,2,2026-08-04,300 card bulk,5608,active,line-1db112ca-4db7-4af5-961f-9b364d5c38ba,73,Griffore,1,19,YGLD-ENA13 · 1st Edition · from Bulk lot · 130 card types,1,19
record-923cfdff-eda5-46b4-af3d-614a39481363,2,2026-08-04,300 card bulk,5608,active,line-744f6c23-caa0-4756-a6e2-ddbec4d873c2,74,Giant Soldier of Stone,1,19,YGLD-ENA15 · 1st Edition · from Bulk lot · 130 card types,1,19
record-923cfdff-eda5-46b4-af3d-614a39481363,2,2026-08-04,300 card bulk,5608,active,line-fcfd198a-5b0b-44dc-9907-b692ef1b9577,75,Dust Tornado,1,19,YSDJ-EN033 · 1st Edition · from Bulk lot · 130 card types,1,19
record-923cfdff-eda5-46b4-af3d-614a39481363,2,2026-08-04,300 card bulk,5608,active,line-b454cf6d-e84c-4ac2-b3b5-f5d08a3ff63f,76,Elemental HERO Sparkman,1,19,YSDJ-EN008 · 1st Edition · from Bulk lot · 130 card types,1,19
record-923cfdff-eda5-46b4-af3d-614a39481363,2,2026-08-04,300 card bulk,5608,active,line-59fdda92-48e8-4f3f-bfb2-3c47d6aa5072,77,Elemental HERO Burstinatrix,1,19,YSDJ-EN006 · 1st Edition · from Bulk lot · 130 card types,1,19
record-923cfdff-eda5-46b4-af3d-614a39481363,2,2026-08-04,300 card bulk,5608,active,line-e6e51390-deff-41aa-a63a-28f899f5572b,78,Elemental HERO Wildheart,1,19,YSDJ-EN019 · 1st Edition · from Bulk lot · 130 card types,1,19
record-923cfdff-eda5-46b4-af3d-614a39481363,2,2026-08-04,300 card bulk,5608,active,line-bb1baf3d-a294-460d-83f1-faae78244825,79,Elemental HERO Avian,1,19,YSDJ-EN005 · 1st Edition · from Bulk lot · 130 card types,1,19
record-923cfdff-eda5-46b4-af3d-614a39481363,2,2026-08-04,300 card bulk,5608,active,line-e9830b48-5670-4b26-9cd8-25265fca8c47,80,Elemental HERO Clayman,1,19,YSDJ-EN007 · 1st Edition · from Bulk lot · 130 card types,1,19
record-923cfdff-eda5-46b4-af3d-614a39481363,2,2026-08-04,300 card bulk,5608,active,line-2c8098b5-9c9f-44f2-9451-0064e2d333f3,81,Hero Barrier,1,19,DP03-EN027 · 1st Edition · from Bulk lot · 130 card types,1,19
record-923cfdff-eda5-46b4-af3d-614a39481363,2,2026-08-04,300 card bulk,5608,active,line-cb97f94b-4c12-40be-9982-455c83cd9b48,82,Dark Magician Girl,1,19,YGLD-ENC10 · 1st Edition · from Bulk lot · 130 card types,1,19
record-923cfdff-eda5-46b4-af3d-614a39481363,2,2026-08-04,300 card bulk,5608,active,line-6e37be99-cd65-4a4d-ab84-74848b3884d3,83,Dark Magician Girl,1,19,YGLD-ENA04 · 1st Edition · from Bulk lot · 130 card types,1,19
record-923cfdff-eda5-46b4-af3d-614a39481363,2,2026-08-04,300 card bulk,5608,active,line-46ec8821-32d7-4b43-a773-cca34f909a74,84,Black Luster Soldier - Envoy of the Beginning,1,19,YGLD-ENA02 · 1st Edition · from Bulk lot · 130 card types,1,19
record-923cfdff-eda5-46b4-af3d-614a39481363,2,2026-08-04,300 card bulk,5608,active,line-deee1711-90d4-4d1a-904b-332efdfd7228,85,Dark Paladin,1,19,YGLD-ENC41 · 1st Edition · from Bulk lot · 130 card types,1,19
record-923cfdff-eda5-46b4-af3d-614a39481363,2,2026-08-04,300 card bulk,5608,active,line-d08aa0b8-cf40-4fbb-8529-71c7b44e3ed5,86,Grandmaster of the Six Samurai,1,19,SDWA-EN002 · 1st Edition · from Bulk lot · 130 card types,1,19
record-923cfdff-eda5-46b4-af3d-614a39481363,2,2026-08-04,300 card bulk,5608,active,line-7ed24846-3015-420c-809c-d303eefcaa85,87,Gateway of the Six,1,19,SDWA-EN029 · 1st Edition · from Bulk lot · 130 card types,1,19
record-923cfdff-eda5-46b4-af3d-614a39481363,2,2026-08-04,300 card bulk,5608,active,line-86009fc9-0cbf-412c-8f29-64c150b837fa,88,Great Shogun Shien,1,19,SDWA-EN009 · 1st Edition · from Bulk lot · 130 card types,1,19
record-923cfdff-eda5-46b4-af3d-614a39481363,2,2026-08-04,300 card bulk,5608,active,line-904c9607-043c-41c4-99a5-460bf8bc12e4,89,Six Samurai United,2,38,SDWA-EN028 · 1st Edition · from Bulk lot · 130 card types,2,38
record-923cfdff-eda5-46b4-af3d-614a39481363,2,2026-08-04,300 card bulk,5608,active,line-c8cd90dc-3369-48d1-b5b4-3084ac5775d4,90,Shien's Dojo,2,38,SDWA-EN032 · 1st Edition · from Bulk lot · 130 card types,2,38
record-923cfdff-eda5-46b4-af3d-614a39481363,2,2026-08-04,300 card bulk,5608,active,line-2d5ebf8e-8e2f-4f8e-a08b-5bac4edd88dc,91,Musakani Magatama,1,19,SDWA-EN037 · 1st Edition · from Bulk lot · 130 card types,1,19
record-923cfdff-eda5-46b4-af3d-614a39481363,2,2026-08-04,300 card bulk,5608,active,line-ce6a01c9-eb4d-45d1-a478-59d82f4d2e25,92,Legendary Six Samurai - Kizan,2,38,SDWA-EN016 · 1st Edition · from Bulk lot · 130 card types,2,38
record-923cfdff-eda5-46b4-af3d-614a39481363,2,2026-08-04,300 card bulk,5608,active,line-dab75075-45b3-4766-9ed1-89d906ceb2db,93,Musakani Magatama,1,19,SDWA-EN037 · 1st Edition · from Bulk lot · 130 card types,1,19
record-923cfdff-eda5-46b4-af3d-614a39481363,2,2026-08-04,300 card bulk,5608,active,line-c84d57ee-0baa-42d6-92ef-fa677daed590,94,The Six Samurai - Yaichi,2,38,SDWA-EN006 · 1st Edition · from Bulk lot · 130 card types,2,38
record-923cfdff-eda5-46b4-af3d-614a39481363,2,2026-08-04,300 card bulk,5608,active,line-4d012f51-74a2-48bb-be72-9edf88f67e33,95,Double-Edged Sword Technique,2,38,SDWA-EN035 · 1st Edition · from Bulk lot · 130 card types,2,38
record-923cfdff-eda5-46b4-af3d-614a39481363,2,2026-08-04,300 card bulk,5608,active,line-d628e2db-2254-44ed-90a7-a752fbbf46df,96,Summoned Skull,1,19,YGLD-ENA06 · 1st Edition · from Bulk lot · 130 card types,1,19
record-923cfdff-eda5-46b4-af3d-614a39481363,2,2026-08-04,300 card bulk,5608,active,line-38124119-496e-46d2-bab6-a177f31bb132,97,Big Shield Gardna,1,19,YGLD-ENB14 · 1st Edition · from Bulk lot · 130 card types,1,19
record-923cfdff-eda5-46b4-af3d-614a39481363,2,2026-08-04,300 card bulk,5608,active,line-f37e5ebb-3f28-4651-b39e-520d4c8225aa,98,Gazelle the King of Mythical Beasts,1,19,YGLD-ENB10 · 1st Edition · from Bulk lot · 130 card types,1,19
record-923cfdff-eda5-46b4-af3d-614a39481363,2,2026-08-04,300 card bulk,5608,active,line-8c53bd32-de0d-4e3e-9d86-018f99f2f903,99,Berfomet,1,19,YGLD-ENB09 · 1st Edition · from Bulk lot · 130 card types,1,19
record-923cfdff-eda5-46b4-af3d-614a39481363,2,2026-08-04,300 card bulk,5608,active,line-cb2733e2-aa04-471e-8cf8-5443c72441e5,100,Blockman,1,19,YGLD-ENC21 · 1st Edition · from Bulk lot · 130 card types,1,19
record-923cfdff-eda5-46b4-af3d-614a39481363,2,2026-08-04,300 card bulk,5608,active,line-d5c166ff-74b8-45ba-aa20-9d90cd1c8c9a,101,Archfiend of Gilfer,1,19,YGLD-ENB05 · 1st Edition · from Bulk lot · 130 card types,1,19
record-923cfdff-eda5-46b4-af3d-614a39481363,2,2026-08-04,300 card bulk,5608,active,line-3defb679-79b3-4892-b9b5-b1ed1d9eac42,102,Gandora the Dragon of Destruction,1,19,YGLD-ENC03 · 1st Edition · from Bulk lot · 130 card types,1,19
record-923cfdff-eda5-46b4-af3d-614a39481363,2,2026-08-04,300 card bulk,5608,active,line-2cf599ff-098f-4fcb-bc9f-b308a7bfee1d,103,Mystical Elf,1,19,YGLD-ENA14 · 1st Edition · from Bulk lot · 130 card types,1,19
record-923cfdff-eda5-46b4-af3d-614a39481363,2,2026-08-04,300 card bulk,5608,active,line-64f0bee8-a87d-4e87-8ec8-92e0e3c2d0e0,104,Marshmallon,1,19,YGLD-ENC22 · 1st Edition · from Bulk lot · 130 card types,1,19
record-923cfdff-eda5-46b4-af3d-614a39481363,2,2026-08-04,300 card bulk,5608,active,line-090739c6-4897-427d-a987-e29879ede0c0,105,The Tricky,1,19,YGLD-ENC12 · 1st Edition · from Bulk lot · 130 card types,1,19
record-923cfdff-eda5-46b4-af3d-614a39481363,2,2026-08-04,300 card bulk,5608,active,line-97a450be-f24c-4943-9010-2ad5efb73563,106,Silent Magician LV4,1,19,YGLD-ENC05 · 1st Edition · from Bulk lot · 130 card types,1,19
record-923cfdff-eda5-46b4-af3d-614a39481363,2,2026-08-04,300 card bulk,5608,active,line-7825b6ad-7029-44da-8cc0-659842bd918a,107,Silent Swordsman LV3,1,19,YGLD-ENC08 · 1st Edition · from Bulk lot · 130 card types,1,19
record-923cfdff-eda5-46b4-af3d-614a39481363,2,2026-08-04,300 card bulk,5608,active,line-4eb7596e-3898-4840-9965-b9e3f57b7ac0,108,Silent Swordsman LV5,1,19,YGLD-ENC07 · 1st Edition · from Bulk lot · 130 card types,1,19
record-923cfdff-eda5-46b4-af3d-614a39481363,2,2026-08-04,300 card bulk,5608,active,line-5aa8950e-e51f-43ce-b386-3033fd5a80c7,109,Silent Swordsman LV7,1,19,YGLD-ENC06 · 1st Edition · from Bulk lot · 130 card types,1,19
record-923cfdff-eda5-46b4-af3d-614a39481363,2,2026-08-04,300 card bulk,5608,active,line-d59f44c5-005a-4c75-b6c2-ac2e6ca18e10,110,Queen's Knight,1,19,YGLD-ENB07 · 1st Edition · from Bulk lot · 130 card types,1,19
record-923cfdff-eda5-46b4-af3d-614a39481363,2,2026-08-04,300 card bulk,5608,active,line-3d5972d7-1deb-4571-a307-0ef23ed546e1,111,Jack's Knight,2,38,YGLD-ENB06 · 1st Edition · from Bulk lot · 130 card types,2,38
record-923cfdff-eda5-46b4-af3d-614a39481363,2,2026-08-04,300 card bulk,5608,active,line-5f82747d-9a65-4260-872a-47966467e9e1,112,King's Knight,2,38,YGLD-ENC15 · 1st Edition · from Bulk lot · 130 card types,2,38
record-923cfdff-eda5-46b4-af3d-614a39481363,2,2026-08-04,300 card bulk,5608,active,line-f185686d-af4b-4397-a598-1e7cc84d3168,113,Yellow Gadget,1,19,YGLD-ENC18 · 1st Edition · from Bulk lot · 130 card types,1,19
record-923cfdff-eda5-46b4-af3d-614a39481363,2,2026-08-04,300 card bulk,5608,active,line-cc5295d1-52e9-4ac4-ac4e-0631bbd8ac68,114,Green Gadget,1,19,YGLD-ENC16 · 1st Edition · from Bulk lot · 130 card types,1,19
record-923cfdff-eda5-46b4-af3d-614a39481363,2,2026-08-04,300 card bulk,5608,active,line-47459e59-6a69-4ed3-92c3-4dc6a1e06a7c,115,Red Gadget,1,19,YGLD-ENC17 · 1st Edition · from Bulk lot · 130 card types,1,19
record-923cfdff-eda5-46b4-af3d-614a39481363,2,2026-08-04,300 card bulk,5608,active,line-397161a2-2911-45a5-aaab-1cd3d0c73336,116,Firewall,1,19,FOTB-EN060 · 1st Edition · from Bulk lot · 130 card types,1,19
record-923cfdff-eda5-46b4-af3d-614a39481363,2,2026-08-04,300 card bulk,5608,active,line-42b75a61-f759-438c-9ac4-caffa64f4078,117,Mammoth Graveyard,1,19,YGLD-ENA16 · 1st Edition · from Bulk lot · 130 card types,1,19
record-923cfdff-eda5-46b4-af3d-614a39481363,2,2026-08-04,300 card bulk,5608,active,line-abe3e63c-bbf4-48bb-9326-a24c53727cfd,118,"Winged Dragon, Guardian of the Fortress #1",1,19,YGLD-ENA10 · 1st Edition · from Bulk lot · 130 card types,1,19
record-923cfdff-eda5-46b4-af3d-614a39481363,2,2026-08-04,300 card bulk,5608,active,line-56b9fb41-903a-4def-bc08-6b5947f641cc,119,Celtic Guardian,1,19,YGLD-ENA09 · 1st Edition · from Bulk lot · 130 card types,1,19
record-923cfdff-eda5-46b4-af3d-614a39481363,2,2026-08-04,300 card bulk,5608,active,line-1353728d-8d63-4ea2-a71e-69411b4b7379,120,Catapult Turtle,1,19,YGLD-ENA08 · 1st Edition · from Bulk lot · 130 card types,1,19
record-923cfdff-eda5-46b4-af3d-614a39481363,2,2026-08-04,300 card bulk,5608,active,line-1300a088-9900-4fe2-8e8b-e86b54a3b56d,121,Curse of Dragon,1,19,YGLD-ENA07 · 1st Edition · from Bulk lot · 130 card types,1,19
record-923cfdff-eda5-46b4-af3d-614a39481363,2,2026-08-04,300 card bulk,5608,active,line-0ae677d9-4fb1-408c-89d1-f41a16736ebb,122,Elder of the Six Samurai,1,19,SDWA-EN021 · 1st Edition · from Bulk lot · 130 card types,1,19
record-923cfdff-eda5-46b4-af3d-614a39481363,2,2026-08-04,300 card bulk,5608,active,line-d8e821ca-0d62-407e-ae43-bf9fdbc40353,123,The Six Samurai - Zanji,2,38,SDWA-EN004 · 1st Edition · from Bulk lot · 130 card types,2,38
record-923cfdff-eda5-46b4-af3d-614a39481363,2,2026-08-04,300 card bulk,5608,active,line-8cf06f90-22b1-41e3-96a7-d7a45d1e674f,124,Legendary Six Samurai - Enishi,2,38,SDWA-EN017 · 1st Edition · from Bulk lot · 130 card types,2,38
record-923cfdff-eda5-46b4-af3d-614a39481363,2,2026-08-04,300 card bulk,5608,active,line-3e96faed-c7a1-4619-a30a-a77b28774823,125,Elder of the Six Samurai,1,19,SDWA-EN021 · 1st Edition · from Bulk lot · 130 card types,1,19
record-923cfdff-eda5-46b4-af3d-614a39481363,2,2026-08-04,300 card bulk,5608,active,line-3f3c2aad-8cb7-43a1-a95d-3de2fe3283b5,126,Reinforcement of the Army,1,19,SDWA-EN025 · 1st Edition · from Bulk lot · 130 card types,1,19
record-923cfdff-eda5-46b4-af3d-614a39481363,2,2026-08-04,300 card bulk,5608,active,line-52db6a32-de04-4b6d-acb9-5d51ea9819d4,127,Rivalry of Warlords,2,38,SDWA-EN033 · 1st Edition · from Bulk lot · 130 card types,2,38
record-923cfdff-eda5-46b4-af3d-614a39481363,2,2026-08-04,300 card bulk,5608,active,line-ceefd4dd-c197-468e-9638-d19dc4157577,128,Kuriboh,3,57,YGLD-ENB15 · 1st Edition · from Bulk lot · 130 card types,3,57
record-923cfdff-eda5-46b4-af3d-614a39481363,2,2026-08-04,300 card bulk,5608,active,line-ba14db3e-8f02-4d5e-a1bf-a390295d9244,129,Buster Blader,2,38,YGLD-ENB04 · 1st Edition · from Bulk lot · 130 card types,2,38
record-923cfdff-eda5-46b4-af3d-614a39481363,2,2026-08-04,300 card bulk,5608,active,line-61771d01-f42b-4293-af53-23297b0bf818,130,Black Luster Soldier,1,19,YGLD-ENA01 · 1st Edition · from Bulk lot · 130 card types,1,19
